{"a_pos": [[2, 3], [2, 2], [2, 2], [2, 2], [2, 2], [2, 1], [2, 1], [2, 0], [2, 0], [2, 3], [2, 3], [3, 3], [3, 3], [3, 3], [3, 3], [3, 2], [3, 2], [3, 1], [3, 1], [3, 0], [3, 0], [4, 0], [4, 0], [5, 0], [5, 0], [5, 1], [5, 1], [5, 2], [5, 2], [6, 2], [6, 2], [6, 3], [6, 3], [6, 4], [6, 4], [6, 4], [6, 4], [6, 5], [6, 5], [7, 5], [7, 5], [3, 5], [3, 5], [3, 4], [3, 4], [4, 4], [4, 4], [4, 3], [4, 3], [4, 3]], "b_pos": [[5, 3], [5, 3], [4, 3], [4, 3], [4, 2], [4, 2], [4, 1], [4, 1], [4, 0], [4, 0], [4, 3], [4, 3], [4, 4], [4, 4], [3, 4], [3, 4], [3, 5], [3, 5], [3, 4], [3, 4], [3, 2], [3, 2], [3, 3], [3, 3], [3, 3], [3, 3], [3, 4], [3, 4], [3, 5], [3, 5], [4, 5], [4, 5], [5, 5], [5, 5], [5, 4], [5, 4], [3, 4], [3, 4], [4, 4], [4, 4], [4, 3], [4, 3], [4, 4], [4, 4], [5, 4], [5, 4], [5, 4], [5, 4], [5, 0], [5, 0]], "a_points": [0, 1, 1, 5, 5, 6, 6, 7, 7, 11, 11, 11, 11, 15, 15, 16, 16, 17, 17, 18, 18, 19, 19, 20, 20, 21, 21, 22, 22, 23, 23, 24, 24, 25, 25, 29, 29, 30, 30, 31, 31, 37, 37, 37, 37, 37, 37, 37, 37, 41], "b_points": [0, 0, 1, 1, 2, 2, 3, 3, 4, 4, 8, 8, 8, 8, 9, 9, 9, 9, 9, 9, 11, 11, 11, 11, 15, 15, 15, 15, 16, 16, 17, 17, 18, 18, 19, 19, 21, 21, 21, 21, 21, 21, 21, 21, 21, 21, 25, 25, 31, 31], "a_turns_left": [40, 39, 39, 38, 38, 37, 37, 36, 36, 35, 35, 34, 34, 33, 33, 32, 32, 31, 31, 30, 30, 29, 29, 28, 28, 27, 27, 26, 26, 25, 25, 24, 24, 23, 23, 22, 22, 21, 21, 20, 20, 19, 19, 18, 18, 17, 17, 16, 16, 15], "b_turns_left": [40, 40, 39, 39, 38, 38, 37, 37, 36, 36, 35, 35, 34, 34, 33, 33, 32, 32, 31, 31, 30, 30, 29, 29, 28, 28, 27, 27, 26, 26, 25, 25, 24, 24, 23, 23, 22, 22, 21, 21, 20, 20, 19, 19, 18, 18, 17, 17, 16, 16], "a_time_left": [240, 235.9995809190441, 235.9995809190441, 231.99924617796205, 231.99924617796205, 227.99895451788325, 227.99895451788325, 223.99875577678904, 223.99875577678904, 219.99845365586225, 219.99845365586225, 215.9982471158728, 215.9982471158728, 211.99798455485143, 211.99798455485143, 207.9977110947948, 207.9977110947948, 203.99738525471184, 203.99738525471184, 199.99708640470635, 199.99708640470635, 195.99678339471575, 195.99678339471575, 191.99650038569234, 191.99650038569234, 187.9962844956899, 187.9962844956899, 183.99599894566927, 183.99599894566927, 179.99577004567254, 179.99577004567254, 175.99552005564328, 175.99552005564328, 171.99526393669657, 171.99526393669657, 167.99500558665022, 167.99500558665022, 163.99477032665163, 163.99477032665163, 159.99453264661133, 159.99453264661133, 155.9942976066377, 155.9942976066377, 151.99400604667608, 151.99400604667608, 147.99373972776812, 147.99373972776812, 143.99351445876528, 143.99351445876528, 139.99317970883567], "b_time_left": [240, 240, 235.37001423200127, 235.37001423200127, 231.21189679496456, 231.21189679496456, 227.20223512500525, 227.20223512500525, 222.74393445299938, 222.74393445299938, 218.73436933301855, 218.73436933301855, 214.7262733130483, 214.7262733130483, 210.71618235413916, 210.71618235413916, 206.57974666520022, 206.57974666520022, 202.56757345621008, 202.56757345621008, 198.55539189721458, 198.55539189721458, 194.4343155073002, 194.4343155073002, 190.42621020728257, 190.42621020728257, 186.37046569224913, 186.37046569224913, 182.35933324228972, 182.35933324228972, 178.07724246627185, 178.07724246627185, 174.06734358728863, 174.06734358728863, 170.05742113722954, 170.05742113722954, 166.04631268815137, 166.04631268815137, 162.0383948001545, 162.0383948001545, 158.02960744104348, 158.02960744104348, 154.02101107302587, 154.02101107302587, 150.01233949395828, 150.01233949395828, 146.00543117593043, 146.00543117593043, 141.99753932794556, 141.99753932794556], "rat_caught": [false, false, false, true, false, false, false, false, false, false, false, false, false, true, false, false, false, false, false, false, false, false, false, false, true, false, false, false, false, false, false, false, false, false, false, true, false, false, false, false, false, false, false, false, false, false, true, false, false, true], "new_carpets": [[], [], [], [], [], [], [], [], [], [[2, 1], [2, 2], [2, 3]], [[4, 1], [4, 2], [4, 3]], [], [], [], [], [], [], [], [], [], [[3, 2], [3, 3]], [], [], [], [], [], [], [], [], [], [], [], [], [], [], [], [[3, 4], [4, 4]], [], [], [], [], [[3, 5], [4, 5], [5, 5], [6, 5]], [], [], [], [], [], [], [[5, 0], [5, 1], [5, 2], [5, 3]], []], "left_behind": ["plain", "prime", "prime", "search", "prime", "prime", "prime", "prime", "prime", "carpet", "carpet", "plain", "plain", "search", "prime", "prime", "plain", "prime", "plain", "prime", "carpet", "prime", "plain", "prime", "search", "prime", "plain", "prime", "prime", "prime", "prime", "prime", "prime", "prime", "prime", "search", "carpet", "prime", "plain", "prime", "plain", "carpet", "plain", "plain", "plain", "plain", "search", "plain", "carpet", "search"], "rat_position_history": [[2, 1], [2, 1], [2, 1], [1, 5], [1, 4], [1, 4], [1, 3], [1, 3], [1, 2], [1, 2], [0, 2], [0, 1], [1, 1], [1, 2], [1, 2], [2, 2], [2, 2], [2, 2], [1, 2], [1, 2], [2, 2], [1, 2], [1, 2], [1, 2], [7, 1], [7, 1], [7, 0], [7, 1], [7, 1], [7, 1], [6, 1], [6, 1], [6, 1], [6, 1], [6, 2], [4, 3], [4, 2], [4, 2], [4, 3], [5, 3], [5, 4], [5, 4], [5, 4], [4, 4], [4, 4], [4, 4], [5, 3], [5, 3], [5, 3], [6, 4], [6, 5]], "errlog_a": "commentary failed", "errlog_b": "Timeout", "turn_count": 49, "result": 0, "reason": "CODE_CRASH", "blocked_positions": [[0, 0], [1, 0], [6, 0], [7, 0], [0, 1], [1, 1], [6, 1], [7, 1], [0, 2], [1, 2], [0, 6], [1, 6], [2, 6], [5, 6], [6, 6], [7, 6], [0, 7], [1, 7], [2, 7], [5, 7], [6, 7], [7, 7]]}