{"a_pos": [[3, 4], [3, 5], [3, 5], [3, 6], [3, 6], [4, 6], [4, 6], [5, 6], [5, 6], [5, 5], [5, 5], [5, 5], [5, 5], [5, 4], [5, 4], [5, 3], [5, 3], [5, 3], [5, 3], [6, 3], [6, 3], [5, 3], [5, 3], [5, 2], [5, 2], [5, 3], [5, 3], [5, 6], [5, 6], [4, 6], [4, 6], [5, 6], [5, 6], [5, 6], [5, 6], [3, 6], [3, 6], [3, 6], [3, 6], [2, 6], [2, 6], [2, 7], [2, 7], [3, 7], [3, 7], [3, 7], [3, 7], [4, 7], [4, 7], [2, 7], [2, 7], [2, 5], [2, 5], [2, 4], [2, 4], [2, 3], [2, 3], [2, 3], [2, 3], [3, 3], [3, 3], [3, 3]], "b_pos": [[4, 4], [4, 4], [4, 5], [4, 5], [5, 5], [5, 5], [3, 5], [3, 5], [2, 5], [2, 5], [2, 5], [2, 5], [2, 4], [2, 4], [4, 4], [4, 4], [4, 3], [4, 3], [3, 3], [3, 3], [2, 3], [2, 3], [4, 3], [4, 3], [6, 3], [6, 3], [6, 2], [6, 2], [6, 2], [6, 2], [7, 2], [7, 2], [7, 3], [7, 3], [7, 4], [7, 4], [7, 5], [7, 5], [7, 2], [7, 2], [5, 2], [5, 2], [5, 1], [5, 1], [4, 1], [4, 1], [3, 1], [3, 1], [2, 1], [2, 1], [2, 2], [2, 2], [2, 2], [2, 2], [2, 1], [2, 1], [2, 2], [2, 2], [3, 2], [3, 2], [2, 2], [2, 2]], "a_points": [0, 1, 1, 2, 2, 3, 3, 3, 3, 4, 4, 2, 2, 3, 3, 4, 4, 8, 8, 8, 8, 9, 9, 10, 10, 11, 11, 15, 15, 15, 15, 16, 16, 14, 14, 16, 16, 14, 14, 14, 14, 15, 15, 16, 16, 14, 14, 15, 15, 17, 17, 19, 19, 19, 19, 20, 20, 24, 24, 25, 25, 29], "b_points": [0, 0, 1, 1, 2, 2, 4, 4, 4, 4, 2, 2, 3, 3, 5, 5, 5, 5, 6, 6, 7, 7, 9, 9, 11, 11, 11, 11, 15, 15, 16, 16, 17, 17, 18, 18, 19, 19, 23, 23, 25, 25, 25, 25, 26, 26, 27, 27, 28, 28, 28, 28, 32, 32, 32, 32, 33, 33, 33, 33, 34, 34], "a_turns_left": [40, 39, 39, 38, 38, 37, 37, 36, 36, 35, 35, 34, 34, 33, 33, 32, 32, 31, 31, 30, 30, 29, 29, 28, 28, 27, 27, 26, 26, 25, 25, 24, 24, 23, 23, 22, 22, 21, 21, 20, 20, 19, 19, 18, 18, 17, 17, 16, 16, 15, 15, 14, 14, 13, 13, 12, 12, 11, 11, 10, 10, 9], "b_turns_left": [40, 40, 39, 39, 38, 38, 37, 37, 36, 36, 35, 35, 34, 34, 33, 33, 32, 32, 31, 31, 30, 30, 29, 29, 28, 28, 27, 27, 26, 26, 25, 25, 24, 24, 23, 23, 22, 22, 21, 21, 20, 20, 19, 19, 18, 18, 17, 17, 16, 16, 15, 15, 14, 14, 13, 13, 12, 12, 11, 11, 10, 10], "a_time_left": [240, 235.9996929790359, 235.9996929790359, 231.99936149897985, 231.99936149897985, 227.99911363900173, 227.99911363900173, 223.99890458909795, 223.99890458909795, 219.9985294691287, 219.9985294691287, 215.99824230908416, 215.99824230908416, 211.99794684909284, 211.99794684909284, 207.9976944490336, 207.9976944490336, 203.99743816896807, 203.99743816896807, 199.9971502890112, 199.9971502890112, 195.99687927903142, 195.99687927903142, 191.9966319280211, 191.9966319280211, 187.996401068056, 187.996401068056, 183.99611840909347, 183.99611840909347, 179.99587228905875, 179.99587228905875, 175.99561682902277, 175.99561682902277, 171.99532757897396, 171.99532757897396, 167.9950776899932, 167.9950776899932, 163.9948551809648, 163.9948551809648, 159.9946094918996, 159.9946094918996, 155.99435997288674, 155.99435997288674, 151.994118052884, 151.994118052884, 147.99389940290712, 147.99389940290712, 143.99366395385005, 143.99366395385005, 139.99339873483405, 139.99339873483405, 135.9931407048134, 135.9931407048134, 131.99293353583198, 131.99293353583198, 127.9926571068354, 127.9926571068354, 123.99231939285528, 123.99231939285528, 119.99206806079019, 119.99206806079019, 115.99180791375693], "b_time_left": [240, 240, 235.11648406495806, 235.11648406495806, 230.9697565069655, 230.9697565069655, 226.5871421189513, 226.5871421189513, 222.57712467992678, 222.57712467992678, 218.56811292096972, 218.56811292096972, 214.55723657202907, 214.55723657202907, 210.54884250310715, 210.54884250310715, 206.53841204417404, 206.53841204417404, 202.5277129051974, 202.5277129051974, 198.51829052518588, 198.51829052518588, 194.50777423626278, 194.50777423626278, 190.49820308736525, 190.49820308736525, 186.2776280263206, 186.2776280263206, 182.12601304939017, 182.12601304939017, 178.11657449940685, 178.11657449940685, 174.10704391135368, 174.10704391135368, 170.0987489123363, 170.0987489123363, 166.09121521236375, 166.09121521236375, 162.08386363333557, 162.08386363333557, 158.07420397433452, 158.07420397433452, 154.06613392522559, 154.06613392522559, 150.0588951462414, 150.0588951462414, 146.0503152172314, 146.0503152172314, 142.04198875825386, 142.04198875825386, 137.81357615825254, 137.81357615825254, 133.75855588319246, 133.75855588319246, 129.74906726519112, 129.74906726519112, 125.7401958751725, 125.7401958751725, 121.73132151912432, 121.73132151912432, 117.72363211715128, 117.72363211715128], "rat_caught": [false, false, false, false, false, false, false, false, false, false, false, false, false, false, false, false, false, true, false, false, false, false, false, false, false, false, false, false, true, false, false, false, false, false, false, false, false, false, false, false, false, false, false, false, false, false, false, false, false, false, false, false, true, false, false, false, false, true, false, false, false, true], "new_carpets": [[], [], [], [], [], [], [[3, 5], [4, 5]], [], [], [], [], [], [], [], [[3, 4], [4, 4]], [], [], [], [], [], [], [], [[3, 3], [4, 3]], [], [[5, 3], [6, 3]], [], [], [[5, 4], [5, 5], [5, 6]], [], [], [], [], [], [], [], [[3, 6], [4, 6]], [], [], [[7, 2], [7, 3], [7, 4]], [], [[5, 2], [6, 2]], [], [], [], [], [], [], [], [], [[2, 7], [3, 7]], [], [[2, 5], [2, 6]], [], [], [], [], [], [], [], [], [], []], "left_behind": ["plain", "prime", "prime", "prime", "prime", "prime", "carpet", "plain", "plain", "prime", "search", "search", "prime", "prime", "carpet", "prime", "plain", "search", "prime", "plain", "prime", "prime", "carpet", "prime", "carpet", "prime", "plain", "carpet", "search", "plain", "prime", "prime", "prime", "search", "prime", "carpet", "prime", "search", "carpet", "plain", "carpet", "prime", "plain", "prime", "prime", "search", "prime", "prime", "prime", "carpet", "plain", "carpet", "search", "plain", "plain", "prime", "prime", "search", "plain", "prime", "prime", "search"], "rat_position_history": [[1, 7], [0, 7], [0, 6], [0, 6], [0, 6], [0, 6], [0, 6], [0, 6], [0, 6], [0, 5], [0, 6], [0, 6], [0, 6], [0, 6], [0, 6], [0, 5], [0, 5], [3, 6], [3, 6], [3, 6], [3, 6], [3, 6], [4, 6], [4, 6], [3, 6], [3, 7], [3, 7], [3, 7], [2, 4], [2, 4], [3, 4], [3, 4], [3, 4], [3, 4], [3, 5], [3, 5], [3, 5], [3, 6], [3, 6], [4, 6], [4, 6], [4, 6], [4, 6], [4, 6], [4, 6], [4, 7], [5, 7], [5, 7], [5, 7], [6, 7], [6, 7], [6, 7], [7, 4], [7, 4], [7, 4], [7, 4], [7, 4], [4, 1], [4, 1], [3, 1], [3, 1], [4, 5], [4, 5]], "errlog_a": "commentary failed", "errlog_b": "Timeout", "turn_count": 61, "result": 0, "reason": "CODE_CRASH", "blocked_positions": [[0, 0], [1, 0], [6, 0], [7, 0], [0, 1], [1, 1], [6, 1], [7, 1], [0, 2], [1, 2], [0, 5], [1, 5], [0, 6], [1, 6], [6, 6], [7, 6], [0, 7], [1, 7], [6, 7], [7, 7]]}