{"a_pos": [[3, 3], [3, 4], [3, 4], [3, 5], [3, 5], [3, 3], [3, 3], [2, 3], [2, 3], [2, 4], [2, 4], [1, 4], [1, 4], [0, 4], [0, 4], [0, 3], [0, 3], [0, 2], [0, 2], [1, 2], [1, 2], [2, 2], [2, 2], [2, 2], [2, 2], [2, 4], [2, 4], [2, 4], [2, 4], [0, 4]], "b_pos": [[4, 3], [4, 3], [5, 3], [5, 3], [6, 3], [6, 3], [4, 3], [4, 3], [4, 3], [4, 3], [4, 2], [4, 2], [4, 1], [4, 1], [4, 1], [4, 1], [3, 1], [3, 1], [3, 1], [3, 1], [3, 2], [3, 2], [3, 2], [3, 2], [3, 2], [3, 2], [2, 2], [2, 2], [2, 3], [2, 3]], "a_points": [0, 1, 1, 2, 2, 4, 4, 4, 4, 5, 5, 6, 6, 7, 7, 8, 8, 9, 9, 10, 10, 11, 11, 9, 9, 11, 11, 15, 15, 17], "b_points": [0, 0, 1, 1, 2, 2, 4, 4, 8, 8, 8, 8, 9, 9, 7, 7, 8, 8, 12, 12, 13, 13, 11, 11, 15, 15, 16, 16, 17, 17], "a_turns_left": [40, 39, 39, 38, 38, 37, 37, 36, 36, 35, 35, 34, 34, 33, 33, 32, 32, 31, 31, 30, 30, 29, 29, 28, 28, 27, 27, 26, 26, 25], "b_turns_left": [40, 40, 39, 39, 38, 38, 37, 37, 36, 36, 35, 35, 34, 34, 33, 33, 32, 32, 31, 31, 30, 30, 29, 29, 28, 28, 27, 27, 26, 26], "a_time_left": [240, 235.99970036395825, 235.99970036395825, 231.99940888700075, 231.99940888700075, 227.99917145899963, 227.99917145899963, 223.99887873104308, 223.99887873104308, 219.99865838314872, 219.99865838314872, 215.99840364407282, 215.99840364407282, 211.99818547512405, 211.99818547512405, 207.99790395516902, 207.99790395516902, 203.99761333526112, 203.99761333526112, 199.99730801430997, 199.99730801430997, 195.9970252623316, 195.9970252623316, 191.99672489135992, 191.99672489135992, 187.99650530936196, 187.99650530936196, 183.99621535639744, 183.99621535639744, 179.99598888342734], "b_time_left": [240, 240, 235.17755672801286, 235.17755672801286, 231.16944821097422, 231.16944821097422, 227.00460391002707, 227.00460391002707, 222.70532344293315, 222.70532344293315, 218.6937486649258, 218.6937486649258, 214.5448091319995, 214.5448091319995, 210.53514871397056, 210.53514871397056, 206.52462692488916, 206.52462692488916, 202.51399461494293, 202.51399461494293, 198.34813990001567, 198.34813990001567, 194.33845335897058, 194.33845335897058, 190.32881469791755, 190.32881469791755, 186.31727397593204, 186.31727397593204, 181.90548507496715, 181.90548507496715], "rat_caught": [false, false, false, false, false, false, false, false, true, false, false, false, false, false, false, false, false, false, true, false, false, false, false, false, true, false, false, true, false, false], "new_carpets": [[], [], [], [], [], [[3, 3], [3, 4]], [[4, 3], [5, 3]], [], [], [], [], [], [], [], [], [], [], [], [], [], [], [], [], [], [], [[2, 3], [2, 4]], [], [], [], [[0, 4], [1, 4]]], "left_behind": ["plain", "prime", "prime", "prime", "prime", "carpet", "carpet", "plain", "search", "prime", "plain", "prime", "prime", "prime", "search", "prime", "prime", "prime", "search", "prime", "prime", "prime", "search", "search", "search", "carpet", "prime", "search", "prime", "carpet"], "rat_position_history": [[4, 3], [4, 3], [5, 3], [6, 3], [6, 3], [7, 3], [7, 3], [7, 2], [4, 2], [4, 1], [4, 1], [4, 1], [4, 0], [4, 0], [4, 0], [4, 0], [4, 1], [4, 1], [3, 1], [4, 1], [5, 1], [4, 1], [3, 1], [3, 1], [1, 4], [1, 4], [1, 4], [5, 0], [5, 0], [5, 0], [5, 0]], "errlog_a": "commentary failed", "errlog_b": "Timeout", "turn_count": 29, "result": 0, "reason": "CODE_CRASH", "blocked_positions": [[0, 0], [1, 0], [2, 0], [6, 0], [7, 0], [0, 1], [1, 1], [2, 1], [6, 1], [7, 1], [6, 2], [7, 2], [0, 6], [1, 6], [6, 6], [7, 6], [0, 7], [1, 7], [6, 7], [7, 7]]}