{"a_pos": [[2, 3], [2, 4], [2, 4], [2, 5], [2, 5], [2, 6], [2, 6], [2, 3], [2, 3], [2, 2], [2, 2], [3, 2], [3, 2], [4, 2], [4, 2], [5, 2], [5, 2], [6, 2], [6, 2], [4, 2], [4, 2], [5, 2], [5, 2], [6, 2], [6, 2], [6, 2], [6, 2], [6, 3], [6, 3], [6, 4], [6, 4], [6, 5], [6, 5], [6, 2], [6, 2], [6, 2], [6, 2], [7, 2], [7, 2], [7, 2], [7, 2], [7, 3], [7, 3], [7, 4]], "b_pos": [[5, 3], [5, 3], [4, 3], [4, 3], [4, 4], [4, 4], [4, 5], [4, 5], [4, 6], [4, 6], [4, 3], [4, 3], [3, 3], [3, 3], [3, 4], [3, 4], [3, 4], [3, 4], [3, 2], [3, 2], [3, 3], [3, 3], [3, 4], [3, 4], [3, 5], [3, 5], [3, 6], [3, 6], [3, 7], [3, 7], [4, 7], [4, 7], [4, 7], [4, 7], [4, 6], [4, 6], [5, 6], [5, 6], [5, 5], [5, 5], [5, 5], [5, 5], [5, 5], [5, 5]], "a_points": [0, 1, 1, 2, 2, 3, 3, 7, 7, 7, 7, 8, 8, 9, 9, 10, 10, 11, 11, 13, 13, 13, 13, 13, 13, 11, 11, 12, 12, 13, 13, 14, 14, 18, 18, 16, 16, 16, 16, 20, 20, 21, 21, 22], "b_points": [0, 0, 1, 1, 2, 2, 3, 3, 4, 4, 8, 8, 8, 8, 9, 9, 13, 13, 15, 15, 15, 15, 15, 15, 16, 16, 17, 17, 18, 18, 19, 19, 23, 23, 24, 24, 25, 25, 26, 26, 24, 24, 28, 28], "a_turns_left": [40, 39, 39, 38, 38, 37, 37, 36, 36, 35, 35, 34, 34, 33, 33, 32, 32, 31, 31, 30, 30, 29, 29, 28, 28, 27, 27, 26, 26, 25, 25, 24, 24, 23, 23, 22, 22, 21, 21, 20, 20, 19, 19, 18], "b_turns_left": [40, 40, 39, 39, 38, 38, 37, 37, 36, 36, 35, 35, 34, 34, 33, 33, 32, 32, 31, 31, 30, 30, 29, 29, 28, 28, 27, 27, 26, 26, 25, 25, 24, 24, 23, 23, 22, 22, 21, 21, 20, 20, 19, 19], "a_time_left": [240, 235.99974869005382, 235.99974869005382, 231.99943068006542, 231.99943068006542, 227.99918628006708, 227.99918628006708, 223.99888509011362, 223.99888509011362, 219.99866045010276, 219.99866045010276, 215.99836834904272, 215.99836834904272, 211.99812715908047, 211.99812715908047, 207.99788117897697, 207.99788117897697, 203.9976238189265, 203.9976238189265, 199.99731226894073, 199.99731226894073, 195.99701613897923, 195.99701613897923, 191.99675423896406, 191.99675423896406, 187.9964100390207, 187.9964100390207, 183.99615557910874, 183.99615557910874, 179.9958557591308, 179.9958557591308, 175.99561878910754, 175.99561878910754, 171.99538953904994, 171.99538953904994, 167.99503634904977, 167.99503634904977, 163.99477632995695, 163.99477632995695, 159.99446878000163, 159.99446878000163, 155.99415177106857, 155.99415177106857, 151.99389546108432], "b_time_left": [240, 240, 235.21537862508558, 235.21537862508558, 230.91348764009308, 230.91348764009308, 226.90305604110472, 226.90305604110472, 222.89292679110076, 222.89292679110076, 218.55723214906175, 218.55723214906175, 214.51334681303706, 214.51334681303706, 210.50354004302062, 210.50354004302062, 206.49418878403958, 206.49418878403958, 202.4829814140685, 202.4829814140685, 198.31803345808294, 198.31803345808294, 194.30538793909363, 194.30538793909363, 190.29627788008656, 190.29627788008656, 186.2845088711474, 186.2845088711474, 182.27415207214653, 182.27415207214653, 178.26536625321023, 178.26536625321023, 174.25701395526994, 174.25701395526994, 170.247609696351, 170.247609696351, 166.23926540731918, 166.23926540731918, 162.2286850482924, 162.2286850482924, 158.22038812027313, 158.22038812027313, 154.21193631226197, 154.21193631226197], "rat_caught": [false, false, false, false, false, false, false, false, false, false, false, false, false, false, false, false, true, false, false, false, false, false, false, false, false, false, false, false, false, false, false, false, true, false, false, false, false, false, false, true, false, false, true, false], "new_carpets": [[], [], [], [], [], [], [], [[2, 3], [2, 4], [2, 5]], [], [], [[4, 3], [4, 4], [4, 5]], [], [], [], [], [], [], [], [[3, 2], [3, 3]], [[4, 2], [5, 2]], [], [], [], [], [], [], [], [], [], [], [], [], [], [[6, 2], [6, 3], [6, 4]], [], [], [], [], [], [], [], [], [], []], "left_behind": ["plain", "prime", "prime", "prime", "prime", "prime", "prime", "carpet", "prime", "plain", "carpet", "prime", "plain", "prime", "prime", "prime", "search", "prime", "carpet", "carpet", "plain", "plain", "plain", "plain", "prime", "search", "prime", "prime", "prime", "prime", "prime", "prime", "search", "carpet", "prime", "search", "prime", "plain", "prime", "search", "search", "prime", "search", "prime"], "rat_position_history": [[6, 2], [6, 2], [6, 2], [5, 2], [6, 2], [5, 2], [5, 2], [5, 1], [5, 2], [5, 2], [5, 2], [5, 2], [4, 2], [5, 2], [5, 2], [5, 2], [5, 6], [6, 6], [6, 6], [6, 6], [6, 5], [6, 4], [7, 4], [7, 4], [7, 4], [7, 4], [7, 4], [7, 4], [7, 4], [7, 4], [7, 4], [7, 4], [5, 0], [4, 0], [4, 0], [4, 1], [5, 1], [5, 1], [5, 1], [5, 3], [5, 4], [4, 4], [3, 3], [3, 3], [3, 3]], "errlog_a": "commentary failed", "errlog_b": "Timeout", "turn_count": 43, "result": 0, "reason": "CODE_CRASH", "blocked_positions": [[0, 0], [1, 0], [2, 0], [6, 0], [7, 0], [0, 1], [1, 1], [2, 1], [6, 1], [7, 1], [0, 5], [1, 5], [0, 6], [1, 6], [6, 6], [7, 6], [0, 7], [1, 7], [6, 7], [7, 7]]}