{"a_pos": [[2, 4], [2, 3], [2, 3], [2, 2], [2, 2], [2, 1], [2, 1], [2, 1], [2, 1], [2, 0], [2, 0], [2, 0], [2, 0], [3, 0], [3, 0], [4, 0], [4, 0], [5, 0], [5, 0], [2, 0], [2, 0], [2, 1], [2, 1], [2, 4], [2, 4], [2, 4], [2, 4], [1, 4]], "b_pos": [[5, 4], [5, 4], [5, 3], [5, 3], [5, 2], [5, 2], [5, 1], [5, 1], [4, 1], [4, 1], [3, 1], [3, 1], [2, 1], [2, 1], [3, 1], [3, 1], [2, 1], [2, 1], [5, 1], [5, 1], [5, 4], [5, 4], [5, 4], [5, 4], [4, 4], [4, 4], [3, 4], [3, 4]], "a_points": [0, 1, 1, 2, 2, 3, 3, 1, 1, 2, 2, 6, 6, 7, 7, 8, 8, 9, 9, 13, 13, 13, 13, 17, 17, 21, 21, 21], "b_points": [0, 0, 1, 1, 2, 2, 3, 3, 4, 4, 5, 5, 4, 4, 4, 4, 5, 5, 9, 9, 13, 13, 17, 17, 17, 17, 18, 18], "a_turns_left": [40, 39, 39, 38, 38, 37, 37, 36, 36, 35, 35, 34, 34, 33, 33, 32, 32, 31, 31, 30, 30, 29, 29, 28, 28, 27, 27, 26], "b_turns_left": [40, 40, 39, 39, 38, 38, 37, 37, 36, 36, 35, 35, 34, 34, 33, 33, 32, 32, 31, 31, 30, 30, 29, 29, 28, 28, 27, 27], "a_time_left": [240, 235.99962710402906, 235.99962710402906, 231.99936696700752, 231.99936696700752, 227.99910795898177, 227.99910795898177, 223.99886813992634, 223.99886813992634, 219.99853199988138, 219.99853199988138, 215.99823307991028, 215.99823307991028, 211.99795230093878, 211.99795230093878, 207.99767047096975, 207.99767047096975, 203.9974697298603, 203.9974697298603, 199.997120498796, 199.997120498796, 195.99683504679706, 195.99683504679706, 191.9965581247816, 191.9965581247816, 187.99629252171144, 187.99629252171144, 183.99609440774657], "b_time_left": [240, 240, 235.09510806610342, 235.09510806610342, 231.08307747903746, 231.08307747903746, 226.7181444480084, 226.7181444480084, 222.57598994404543, 222.57598994404543, 218.56595988606568, 218.56595988606568, 214.55548918701243, 214.55548918701243, 210.42148658097722, 210.42148658097722, 206.4108676710166, 206.4108676710166, 202.39985691104084, 202.39985691104084, 198.38977051107213, 198.38977051107213, 194.3791217500111, 194.3791217500111, 190.36737687897403, 190.36737687897403, 186.22117376094684, 186.22117376094684], "rat_caught": [false, false, false, false, false, false, false, false, false, false, false, true, false, false, false, false, false, false, false, false, false, false, true, false, false, true, false, false], "new_carpets": [[], [], [], [], [], [], [], [], [], [], [], [], [[2, 1]], [], [], [], [], [], [[3, 1], [4, 1], [5, 1]], [[2, 0], [3, 0], [4, 0]], [[5, 2], [5, 3], [5, 4]], [], [], [[2, 2], [2, 3], [2, 4]], [], [], [], []], "left_behind": ["plain", "prime", "prime", "prime", "prime", "prime", "prime", "search", "prime", "prime", "prime", "search", "carpet", "prime", "plain", "prime", "prime", "prime", "carpet", "carpet", "carpet", "plain", "search", "carpet", "plain", "search", "prime", "plain"], "rat_position_history": [[1, 4], [1, 4], [1, 4], [1, 4], [1, 4], [1, 4], [1, 4], [1, 4], [2, 4], [2, 4], [2, 4], [3, 5], [3, 6], [3, 6], [3, 6], [3, 6], [3, 6], [3, 6], [3, 6], [3, 6], [3, 7], [2, 7], [3, 1], [3, 1], [3, 1], [3, 3], [3, 3], [3, 4], [3, 4]], "errlog_a": "commentary failed", "errlog_b": "Timeout", "turn_count": 27, "result": 0, "reason": "CODE_CRASH", "blocked_positions": [[0, 0], [1, 0], [6, 0], [7, 0], [0, 1], [1, 1], [6, 1], [7, 1], [0, 2], [1, 2], [6, 5], [7, 5], [0, 6], [1, 6], [6, 6], [7, 6], [0, 7], [1, 7], [6, 7], [7, 7]]}