{"a_pos": [[2, 2], [2, 3], [2, 3], [2, 4], [2, 4], [2, 5], [2, 5], [2, 6], [2, 6], [2, 6], [2, 6], [2, 7], [2, 7], [3, 7], [3, 7], [3, 6], [3, 6], [4, 6]], "b_pos": [[5, 2], [5, 2], [5, 3], [5, 3], [5, 4], [5, 4], [5, 5], [5, 5], [4, 5], [4, 5], [3, 5], [3, 5], [2, 5], [2, 5], [3, 5], [3, 5], [3, 5], [3, 5]], "a_points": [0, 1, 1, 2, 2, 3, 3, 4, 4, 8, 8, 9, 9, 9, 9, 10, 10, 11], "b_points": [0, 0, 1, 1, 2, 2, 3, 3, 4, 4, 5, 5, 4, 4, 4, 4, 8, 8], "a_turns_left": [40, 39, 39, 38, 38, 37, 37, 36, 36, 35, 35, 34, 34, 33, 33, 32, 32, 31], "b_turns_left": [40, 40, 39, 39, 38, 38, 37, 37, 36, 36, 35, 35, 34, 34, 33, 33, 32, 32], "a_time_left": [240, 235.99969141406473, 235.99969141406473, 231.99942057707813, 231.99942057707813, 227.9991476291325, 227.9991476291325, 223.99888076109346, 223.99888076109346, 219.99864176206756, 219.99864176206756, 215.9984204530483, 215.9984204530483, 211.99815302412026, 211.99815302412026, 207.99793293408584, 207.99793293408584, 203.99764928303193], "b_time_left": [240, 240, 235.36868187901564, 235.36868187901564, 231.05866505403537, 231.05866505403537, 226.93280561908614, 226.93280561908614, 222.92230859107804, 222.92230859107804, 218.50876137509476, 218.50876137509476, 214.49650598713197, 214.49650598713197, 210.2377645141678, 210.2377645141678, 206.22809039521962, 206.22809039521962], "rat_caught": [false, false, false, false, false, false, false, false, false, true, false, false, false, false, false, false, true, false], "new_carpets": [[], [], [], [], [], [], [], [], [], [], [], [], [[2, 5]], [], [], [], [], []], "left_behind": ["plain", "prime", "prime", "prime", "prime", "prime", "prime", "prime", "prime", "search", "prime", "prime", "carpet", "plain", "plain", "prime", "search", "prime"], "rat_position_history": [[6, 0], [6, 0], [7, 0], [7, 0], [7, 1], [7, 2], [7, 3], [7, 3], [7, 3], [0, 0], [0, 0], [0, 0], [1, 0], [2, 0], [2, 0], [2, 0], [6, 7], [6, 7], [6, 7]], "errlog_a": "commentary failed", "errlog_b": "Timeout", "turn_count": 17, "result": 0, "reason": "CODE_CRASH", "blocked_positions": [[0, 0], [1, 0], [6, 0], [7, 0], [0, 1], [1, 1], [6, 1], [7, 1], [0, 2], [1, 2], [0, 6], [1, 6], [5, 6], [6, 6], [7, 6], [0, 7], [1, 7], [5, 7], [6, 7], [7, 7]]}