{"a_pos": [[3, 4], [3, 5], [3, 5], [3, 6], [3, 6], [4, 6]], "b_pos": [[4, 4], [4, 4], [4, 5], [4, 5], [5, 5], [5, 5]], "a_points": [0, 1, 1, 2, 2, 3], "b_points": [0, 0, 1, 1, 2, 2], "a_turns_left": [40, 39, 39, 38, 38, 37], "b_turns_left": [40, 40, 39, 39, 38, 38], "a_time_left": [240, 235.99969790899195, 235.99969790899195, 231.99950102798175, 231.99950102798175, 227.99919532693457], "b_time_left": [240, 240, 235.23058609396685, 235.23058609396685, 230.81923550798092, 230.81923550798092], "rat_caught": [false, false, false, false, false, false], "new_carpets": [[], [], [], [], [], []], "left_behind": ["plain", "prime", "prime", "prime", "prime", "prime"], "rat_position_history": [[6, 0], [6, 0], [5, 0], [6, 0], [6, 0], [6, 0], [6, 0]], "errlog_a": "commentary failed", "errlog_b": "Timeout", "turn_count": 5, "result": 0, "reason": "CODE_CRASH", "blocked_positions": [[0, 0], [1, 0], [6, 0], [7, 0], [0, 1], [1, 1], [6, 1], [7, 1], [0, 2], [1, 2], [0, 6], [1, 6], [6, 6], [7, 6], [0, 7], [1, 7], [6, 7], [7, 7]]}